Workbook

Sheet Retornos Ordenados
A1: 2007 | B1: 2008 | C1: 2009 | D1: 2010 | E1: 2011 | F1: 2012 | G1: 2013 | H1: 2014 | I1: 2015 | J1: 2016 | K1: 2017 | L1: 2018 | M1: 2019 | N1: 2020 | O1: 2021 | P1: 2022 | Q1: 2023 | R1: 2024 | S1: 2025 | T1: Hoy
A2: {=_xlfn._xlws.SORT('[1]2007'!$R$2:$R$502)} -> -0.022152819 | B2: {=_xlfn._xlws.SORT('[1]2008'!$R$2:$R$502)} -> -0.03749054 | C2: {=_xlfn._xlws.SORT('[1]2009'!$R$2:$R$502)} -> -0.064428953 | D2: {=_xlfn._xlws.SORT('[1]2010'!$R$2:$R$502)} -> -0.064428953 | E2: {=_xlfn._xlws.SORT('[1]2011'!$R$2:$R$502)} -> -0.053282241 | F2: {=_xlfn._xlws.SORT('[1]2012'!$R$2:$R$502)} -> -0.053282241 | G2: {=_xlfn._xlws.SORT('[1]2013'!$R$2:$R$502)} -> -0.042494474 | H2: {=_xlfn._xlws.SORT('[1]2014'!$R$2:$R$502)} -> -0.031214891 | I2: {=_xlfn._xlws.SORT('[1]2015'!$R$2:$R$502)} -> -0.031214891 | J2: {=_xlfn._xlws.SORT('[1]2016'!$R$2:$R$502)} -> -0.039270415 | K2: {=_xlfn._xlws.SORT('[1]2017'!$R$2:$R$502)} -> -0.05189158 | L2: {=_xlfn._xlws.SORT('[1]2018'!$R$2:$R$502)} -> -0.05189158 | M2: {=_xlfn._xlws.SORT('[1]2019'!$R$2:$R$502)} -> -0.034186225 | N2: {=_xlfn._xlws.SORT('[1]2020'!$R$2:$R$502)} -> -0.095125068 | O2: {=_xlfn._xlws.SORT('[1]2021'!$R$2:$R$502)} -> -0.095125068 | P2: {=_xlfn._xlws.SORT('[1]2022'!$R$2:$R$502)} -> -0.048154649 | Q2: {=_xlfn._xlws.SORT('[1]2023'!$R$2:$R$502)} -> -0.03678253 | R2: {=_xlfn._xlws.SORT('[1]2024'!$R$2:$R$502)} -> -0.03678253 | S2: {=_xlfn._xlws.SORT('[1]2025'!$R$2:$R$502)} -> -0.042338816 | T2: {=_xlfn._xlws.SORT([1]Hoy!$R$2:$R$502)} -> -0.043035605
A3: -0.021257176 | B3: -0.029864925 | C3: -0.06044112 | D3: -0.06044112 | E3: -0.038388862 | F3: -0.042494474 | G3: -0.034257201 | H3: -0.029235661 | I3: -0.027651195 | J3: -0.037442537 | K3: -0.039270415 | L3: -0.034186225 | M3: -0.023449424 | N3: -0.082352554 | O3: -0.082352554 | P3: -0.040806601 | Q3: -0.031333177 | R3: -0.031333177 | S3: -0.04062343 | T3: -0.040225501
A4: -0.020534282 | B4: -0.027609248 | C4: -0.060048909 | D4: -0.060048909 | E4: -0.031276431 | F4: -0.034257201 | G4: -0.034037378 | H4: -0.027651195 | I4: -0.025997961 | J4: -0.030386003 | K4: -0.037442537 | L4: -0.029894136 | M4: -0.022570533 | N4: -0.064004213 | O4: -0.064004213 | P4: -0.029661245 | Q4: -0.029661245 | R4: -0.02682905 | S4: -0.035888163 | T4: -0.036514295
A5: -0.019773644 | B5: -0.022152819 | C5: -0.060011624 | D5: -0.060011624 | E5: -0.02915135 | F5: -0.034037378 | G5: -0.033683629 | H5: -0.024259219 | I5: -0.022942411 | J5: -0.029145385 | K5: -0.030386003 | L5: -0.022570533 | M5: -0.021172382 | N5: -0.053485364 | O5: -0.053485364 | P5: -0.029003872 | Q5: -0.02682905 | R5: -0.024941954 | S5: -0.02573371 | T5: -0.025437161
A6: -0.016282236 | B6: -0.021257176 | C6: -0.058070167 | D6: -0.058070167 | E6: -0.026558147 | F6: -0.033683629 | G6: -0.029235661 | H6: -0.023282639 | I6: -0.019362389 | J6: -0.029038139 | K6: -0.029894136 | L6: -0.020538805 | M6: -0.019885392 | N6: -0.051090617 | O6: -0.051090617 | P6: -0.028329897 | Q6: -0.025077123 | R6: -0.02430778 | S6: -0.023080919 | T6: -0.021310429
A7: -0.016018445 | B7: -0.020534282 | C7: -0.056305665 | D7: -0.056305665 | E7: -0.026224362 | F7: -0.031276431 | G7: -0.028279526 | H7: -0.022942411 | I7: -0.018847404 | J7: -0.028213214 | K7: -0.029145385 | L7: -0.017930342 | M7: -0.018125003 | N7: -0.040806601 | O7: -0.048154649 | P7: -0.02682905 | Q7: -0.024941954 | R7: -0.022405547 | S7: -0.017975017 | T7: -0.016968885
A8: -0.014692321 | B8: -0.020514665 | C8: -0.055357339 | D8: -0.055357339 | E8: -0.025436888 | F8: -0.029235661 | G8: -0.028123473 | H8: -0.018553043 | I8: -0.018266709 | J8: -0.025997961 | K8: -0.029038139 | L8: -0.016383009 | M8: -0.017930342 | N8: -0.040762856 | O8: -0.040806601 | P8: -0.02672093 | Q8: -0.02430778 | R8: -0.021257941 | S8: -0.016905601 | T8: -0.016751954
A9: -0.014463428 | B9: -0.020406085 | C9: -0.054567187 | D9: -0.054567187 | E9: -0.025242366 | F9: -0.028279526 | G9: -0.027651195 | H9: -0.018266709 | I9: -0.017724095 | J9: -0.024592203 | K9: -0.028213214 | L9: -0.015370992 | M9: -0.016467375 | N9: -0.039801298 | O9: -0.040762856 | P9: -0.025077123 | Q9: -0.023289426 | R9: -0.020857081 | S9: -0.015532373 | T9: -0.016119981
A10: -0.013593588 | B10: -0.020331539 | C10: -0.053775705 | D10: -0.053775705 | E10: -0.024885425 | F10: -0.028123473 | G10: -0.026397035 | H10: -0.018191644 | I10: -0.016239976 | J10: -0.021884313 | K10: -0.024592203 | L10: -0.015272066 | M10: -0.015846408 | N10: -0.037991944 | O10: -0.039801298 | P10: -0.024637391 | Q10: -0.022405547 | R10: -0.018502895 | S10: -0.015388626 | T10: -0.015133229
A11: -0.013416317 | B11: -0.020227054 | C11: -0.050453845 | D11: -0.053282241 | E11: -0.024460869 | F11: -0.026558147 | G11: -0.025461389 | H11: -0.017510734 | I11: -0.015971363 | J11: -0.021379543 | K11: -0.021884313 | L11: -0.014890689 | M11: -0.015370992 | N11: -0.028329897 | O11: -0.037991944 | P11: -0.02430778 | Q11: -0.021969593 | R11: -0.0184141 | S11: -0.014759607 | T11: -0.012718659
A12: -0.012871978 | B12: -0.019773644 | C12: -0.049526466 | D12: -0.050453845 | E12: -0.024238952 | F12: -0.026397035 | G12: -0.024608974 | H12: -0.01638216 | I12: -0.015816193 | J12: -0.020928088 | K12: -0.021379543 | L12: -0.01446677 | M12: -0.015342396 | N12: -0.023970092 | O12: -0.029003872 | P12: -0.023289426 | Q12: -0.021793714 | R12: -0.017975017 | S12: -0.014228254 | T12: -0.012226899
A13: -0.012813461 | B13: -0.018917064 | C13: -0.047624999 | D13: -0.049526466 | E13: -0.024155619 | F13: -0.026224362 | G13: -0.024259219 | H13: -0.016239976 | I13: -0.015329554 | J13: -0.019963826 | K13: -0.020928088 | L13: -0.014444342 | M13: -0.015272066 | N13: -0.023449424 | O13: -0.028329897 | P13: -0.022405547 | Q13: -0.021257941 | R13: -0.017906312 | S13: -0.013290507 | T13: -0.012204407
A14: -0.012719895 | B14: -0.01858881 | C14: -0.04489473 | D14: -0.047624999 | E14: -0.023986639 | F14: -0.025461389 | G14: -0.024083477 | H14: -0.015859562 | I14: -0.01463228 | J14: -0.019362389 | K14: -0.020538805 | L14: -0.014237018 | M14: -0.015122977 | N14: -0.022174941 | O14: -0.02672093 | P14: -0.021969593 | Q14: -0.020857081 | R14: -0.017762716 | S14: -0.012779703 | T14: -0.012103448
... A502: 0.028821626 | B502: 0.032693395 | C502: 0.12586599 | D502: 0.12586599 | E502: 0.044020453 | F502: 0.042335829 | G502: 0.031934128 | H502: 0.027133743 | I502: 0.022684203 | J502: 0.027262541 | K502: 0.027594258 | L502: 0.027594258 | M502: 0.018436554 | N502: 0.094506523 | O502: 0.094506523 | P502: 0.047186036 | Q502: 0.035262016 | R502: 0.035262016 | S502: 0.0239979 | T502: 0.024495814

Sheet VaR CVaR
B3: USD | D3: Concepto | E3: 2007 | F3: 2008 | G3: 2009 | H3: 2010 | I3: 2011 | J3: 2012 | K3: 2013 | L3: 2014 | M3: 2015 | N3: 2016 | O3: 2017 | P3: 2018 | Q3: 2019 | R3: 2020 | S3: 2021 | T3: 2022 | U3: 2023 | V3: 2024 | W3: 2025 | X3: Hoy
B4: 10000 | D4: VaR1 día, USD | E4: =E5*$B4 -> 162.82236 | F4: =F5*$B4 -> 212.57176 | G4: =G5*$B4 -> 580.70167 | H4: =H5*$B4 -> 580.70167 | I4: =I5*$B4 -> 265.58147 | J4: =J5*$B4 -> 336.83629 | K4: =K5*$B4 -> 292.35661 | L4: =L5*$B4 -> 232.82639 | ... X4: =X5*$B4 -> 213.10429
D5: VaR1 día, % pi | E5: ='Retornos Ordenados'!A6*-1 -> 0.016282236 | F5: ='Retornos Ordenados'!B6*-1 -> 0.021257176 | G5: ='Retornos Ordenados'!C6*-1 -> 0.058070167 | H5: ='Retornos Ordenados'!D6*-1 -> 0.058070167 | I5: ='Retornos Ordenados'!E6*-1 -> 0.026558147 | J5: ='Retornos Ordenados'!F6*-1 -> 0.033683629 | K5: ='Retornos Ordenados'!G6*-1 -> 0.029235661 | L5: ='Retornos Ordenados'!H6*-1 -> 0.023282639 | ... X5: ='Retornos Ordenados'!T6*-1 -> 0.021310429
D6: CVaR1 día, USD | E6: =E7*$B4 -> 209.2948 | F6: =F7*$B4 -> 292.79383 | G6: =G7*$B4 -> 612.32651 | H6: =H7*$B4 -> 612.32651 | I6: =I7*$B4 -> 380.24721 | J6: =J7*$B4 -> 410.17824 | K6: =K7*$B4 -> 361.1817 | L6: =L7*$B4 -> 280.90242 | ... X6: =X7*$B4 -> 363.0314
B7: DIAS | D7: CVaR1 día, % pi | E7: =AVERAGE('Retornos Ordenados'!A2:A5)*-1 -> 0.02092948 | F7: =AVERAGE('Retornos Ordenados'!B2:B5)*-1 -> 0.029279383 | G7: =AVERAGE('Retornos Ordenados'!C2:C5)*-1 -> 0.061232651 | H7: =AVERAGE('Retornos Ordenados'!D2:D5)*-1 -> 0.061232651 | I7: =AVERAGE('Retornos Ordenados'!E2:E5)*-1 -> 0.038024721 | J7: =AVERAGE('Retornos Ordenados'!F2:F5)*-1 -> 0.041017824 | K7: =AVERAGE('Retornos Ordenados'!G2:G5)*-1 -> 0.03611817 | L7: =AVERAGE('Retornos Ordenados'!H2:H5)*-1 -> 0.028090242 | ... X7: =AVERAGE('Retornos Ordenados'!T2:T5)*-1 -> 0.03630314
B8: 10 | D8: VaR10 días, USD | E8: =E4*SQRT($B$8) -> 514.8895 | F8: =F4*SQRT($B$8) -> 672.21093 | G8: =G4*SQRT($B$8) -> 1836.3399 | H8: =H4*SQRT($B$8) -> 1836.3399 | I8: =I4*SQRT($B$8) -> 839.84236 | J8: =J4*SQRT($B$8) -> 1065.1699 | K8: =K4*SQRT($B$8) -> 924.51277 | L8: =L4*SQRT($B$8) -> 736.2617 | ... X8: =X4*SQRT($B$8) -> 673.89493
D9: VaR10 días, % pi | E9: =E5*SQRT($B$8) -> 0.05148895 | F9: =F5*SQRT($B$8) -> 0.067221093 | G9: =G5*SQRT($B$8) -> 0.18363399 | H9: =H5*SQRT($B$8) -> 0.18363399 | I9: =I5*SQRT($B$8) -> 0.083984236 | J9: =J5*SQRT($B$8) -> 0.10651699 | K9: =K5*SQRT($B$8) -> 0.092451277 | L9: =L5*SQRT($B$8) -> 0.07362617 | ... X9: =X5*SQRT($B$8) -> 0.067389493
D10: CapitalUSD | E10: =3*E8 -> 1544.6685 | F10: =3*F8 -> 2016.6328 | G10: =3*G8 -> 5509.0197 | H10: =3*H8 -> 5509.0197 | I10: =3*I8 -> 2519.5271 | J10: =3*J8 -> 3195.5096 | K10: =3*K8 -> 2773.5383 | L10: =3*L8 -> 2208.7851 | ... X10: =3*X8 -> 2021.6848
D11: Capital% pi | E11: =3*E9 -> 0.15446685 | F11: =3*F9 -> 0.20166328 | G11: =3*G9 -> 0.55090197 | H11: =3*H9 -> 0.55090197 | I11: =3*I9 -> 0.25195271 | J11: =3*J9 -> 0.31955096 | K11: =3*K9 -> 0.27735383 | L11: =3*L9 -> 0.22087851 | ... X11: =3*X9 -> 0.20216848
